code,constituency,region,population,median_age,party,majority,turnout,classification
E14000530,Aldershot,SE,106193,38,Con,11473,0.642346303,Large town
E14000531,Aldridge-Brownhills,WM,77532,45,Con,14307,0.666550702,Medium town
E14000532,Altrincham and Sale West,NW,101457,42,Con,6426,0.720918799,Medium town
E14000533,Amber Valley,EM,90132,44,Con,8300,0.673047822,Small town
E14000534,Arundel and South Downs,SE,100501,50,Con,23883,0.758146909,Village
E14000535,Ashfield,EM,106495,43,Lab,441,0.640312004,Medium town
E14000536,Ashford,SE,122178,41,Con,17478,0.685216337,Large town
E14000537,Ashton-under-Lyne,NW,92289,39,Lab,11295,0.587714632,Medium town
E14000538,Aylesbury,SE,121812,38,Con,14656,0.712124149,Large town
E14000539,Banbury,SE,122939,40,Con,12399,0.734419737,Medium town
E14000540,Barking,L,139764,31,Lab,21608,0.619030926,London
E14000541,Barnsley Central,YH,90319,41,Lab,15546,0.608793845,Large town
E14000542,Barnsley East,YH,94604,41,Lab,13283,0.589129367,Small town
E14000543,Barrow and Furness,NW,86806,46,Lab,209,0.685004462,Medium town
E14000544,Basildon and Billericay,E,95530,39,Con,13400,0.649582785,Large town
E14000545,Basingstoke,SE,115046,37,Con,9466,0.683480916,Large town
E14000546,Bassetlaw,EM,106994,44,Lab,4852,0.665266106,Medium town
E14000547,Bath,SW,95024,32,LD,5694,0.742505017,Large town
E14000548,Batley and Spen,YH,111539,38,Lab,8961,0.670899814,Large town
E14000549,Battersea,L,115715,33,Lab,2416,0.709748111,London
E14000550,Beaconsfield,SE,102421,45,Con,24543,0.722718126,Small town
E14000551,Beckenham,L,92767,42,Con,15087,0.760103055,London
E14000552,Bedford,E,106341,38,Lab,789,0.674936307,Large town
E14000553,Bermondsey and Old Southwark,L,144175,32,Lab,12972,0.670481886,London
E14000554,Berwick-upon-Tweed,NE,75542,50,Con,11781,0.717805703,Village
E14000555,Bethnal Green and Bow,L,146820,30,Lab,35393,0.695033401,London
E14000556,Beverley and Holderness,YH,100257,49,Con,14042,0.689809936,Village
E14000557,Bexhill and Battle,SE,104993,51,Con,22165,0.731234093,Village
E14000558,Bexleyheath and Crayford,L,93923,38,Con,9073,0.691862512,London
E14000559,Birkenhead,NW,90087,39,Lab,25514,0.677113703,Large town
E14000560,"Birmingham, Edgbaston",WM,105317,32,Lab,6917,0.640495807,Other city
E14000561,"Birmingham, Erdington",WM,103188,34,Lab,7285,0.571979652,Other city
E14000562,"Birmingham, Hall Green",WM,120130,32,Lab,33944,0.693871293,Other city
E14000563,"Birmingham, Hodge Hill",WM,129262,28,Lab,31026,0.612882771,Other city
E14000564,"Birmingham, Ladywood",WM,146279,27,Lab,28714,0.589906174,Other city
E14000565,"Birmingham, Northfield",WM,103704,37,Lab,4667,0.613202069,Other city
E14000566,"Birmingham, Perry Barr",WM,112420,33,Lab,18383,0.630431062,Other city
E14000567,"Birmingham, Selly Oak",WM,108848,31,Lab,15207,0.658666129,Other city
E14000568,"Birmingham, Yardley",WM,113069,33,Lab,16574,0.613135669,Other city
E14000569,Bishop Auckland,NE,88794,45,Lab,502,0.639674258,Village
E14000570,Blackburn,NW,109163,34,Lab,20368,0.672407449,Large town
E14000571,Blackley and Broughton,NW,121759,31,Lab,19601,0.559862104,Other city
E14000572,Blackpool North and Cleveleys,NW,83152,46,Con,2023,0.641064924,Large town
E14000573,Blackpool South,NW,79725,42,Lab,2523,0.59779374,Large town
E14000574,Blaydon,NE,88273,45,Lab,13477,0.702376605,Small town
E14000575,Blyth Valley,NE,83985,44,Lab,7915,0.67003075,Medium town
E14000576,Bognor Regis and Littlehampton,SE,106496,46,Con,17494,0.67722579,Large town
E14000577,Bolsover,EM,98531,44,Lab,5288,0.63352354,Small town
E14000578,Bolton North East,NW,97992,38,Lab,3797,0.672036054,Other city
E14000579,Bolton South East,NW,105872,35,Lab,13126,0.614391894,Other city
E14000580,Bolton West,NW,96124,42,Con,936,0.701320109,Small town
E14000581,Bootle,NW,99224,40,Lab,36200,0.690086727,Medium town
E14000582,Boston and Skegness,EM,106272,45,Con,16572,0.626867635,Medium town
E14000583,Bosworth,EM,104589,44,Con,18351,0.687819155,Medium town
E14000584,Bournemouth East,SW,107483,39,Con,7937,0.651794452,Other city
E14000585,Bournemouth West,SW,105394,37,Con,7711,0.60806066,Other city
E14000586,Bracknell,SE,111021,39,Con,16016,0.705715981,Large town
E14000587,Bradford East,YH,118123,31,Lab,20540,0.648141045,Other city
E14000588,Bradford South,YH,105363,36,Lab,6700,0.605871413,Other city
E14000589,Bradford West,YH,117969,30,Lab,21902,0.673810088,Other city
E14000590,Braintree,E,101121,43,Con,18422,0.694752775,Medium town
E14000591,Brent Central,L,147291,34,Lab,27997,0.649647822,London
E14000592,Brent North,L,136376,35,Lab,17061,0.683614519,London
E14000593,Brentford and Isleworth,L,134768,36,Lab,12182,0.723650838,London
E14000594,Brentwood and Ongar,E,96486,44,Con,24002,0.704837012,Medium town
E14000595,Bridgwater and West Somerset,SW,113002,47,Con,15448,0.652529845,Village
E14000596,Brigg and Goole,YH,88452,46,Con,12363,0.681968851,Village
E14000597,"Brighton, Kemptown",SE,95938,37,Lab,9868,0.724772804,Other city
E14000598,"Brighton, Pavilion",SE,112196,32,Green,14699,0.764207933,Other city
E14000599,Bristol East,SW,100828,35,Lab,13394,0.701498308,Other city
E14000600,Bristol North West,SW,106013,36,Lab,4761,0.717130207,Other city
E14000601,Bristol South,SW,113526,34,Lab,15987,0.655110105,Other city
E14000602,Bristol West,SW,138885,28,Lab,37336,0.769953657,Other city
E14000603,Broadland,E,98565,48,Con,15816,0.723756692,Village
E14000604,Bromley and Chislehurst,L,95597,39,Con,9590,0.716587066,London
E14000605,Bromsgrove,WM,97594,45,Con,16573,0.734528551,Medium town
E14000606,Broxbourne,E,102167,40,Con,15792,0.646036843,Medium town
E14000607,Broxtowe,EM,97540,42,Con,863,0.749976356,Medium town
E14000608,Buckingham,SE,104977,45,Spk,25725,0.661671796,Village
E14000609,Burnley,NW,87705,40,Lab,6353,0.622633637,Large town
E14000610,Burton,WM,106400,40,Con,10047,0.674892501,Large town
E14000611,Bury North,NW,89662,41,Lab,4375,0.708833975,Large town
E14000612,Bury South,NW,99966,39,Lab,5965,0.691718104,Medium town
E14000613,Bury St Edmunds,E,117735,44,Con,18441,0.722194467,Village
E14000614,Calder Valley,YH,104805,45,Con,609,0.734442406,Village
E14000615,Camberwell and Peckham,L,131739,33,Lab,37316,0.670599091,London
E14000616,Camborne and Redruth,SW,91485,44,Con,1577,0.708224324,Small town
E14000617,Cambridge,E,115902,30,Lab,12661,0.712135873,Large town
E14000618,Cannock Chase,WM,99126,42,Con,8391,0.642232358,Large town
E14000619,Canterbury,SE,119757,34,Lab,187,0.726509938,Large town
E14000620,Carlisle,NW,86429,42,Con,2599,0.69117411,Large town
E14000621,Carshalton and Wallington,L,101780,38,LD,1369,0.7163545,London
E14000622,Castle Point,E,89814,46,Con,18872,0.64358716,Medium town
E14000623,Central Devon,SW,93250,48,Con,15680,0.777786742,Village
E14000624,Central Suffolk and North Ipswich,E,101581,46,Con,17185,0.723590558,Village
E14000625,Charnwood,EM,101581,44,Con,16341,0.7067413,Small town
E14000626,Chatham and Aylesford,SE,101469,37,Con,10458,0.637470001,Large town
E14000627,Cheadle,NW,93422,45,Con,4507,0.743426968,Small town
E14000628,Chelmsford,E,111032,39,Con,13572,0.701698095,Large town
E14000629,Chelsea and Fulham,L,107789,37,Con,8188,0.661059503,London
E14000630,Cheltenham,SW,106352,39,Con,2569,0.722787089,Large town
E14000631,Chesham and Amersham,SE,95355,45,Con,22140,0.771094426,Small town
E14000632,Chesterfield,EM,94140,44,Lab,9605,0.665015471,Large town
E14000633,Chichester,SE,110722,48,Con,22621,0.704992293,Village
E14000634,Chingford and Woodford Green,L,94571,39,Con,2438,0.711983383,London
E14000635,Chippenham,SW,99897,44,Con,16630,0.747592631,Medium town
E14000636,Chipping Barnet,L,118408,39,Con,353,0.717747157,London
E14000637,Chorley,NW,102715,42,Lab,7512,0.728155594,Medium town
E14000638,Christchurch,SW,86089,53,Con,25171,0.720163848,Medium town
E14000639,Cities of London and Westminster,L,122923,37,Con,3148,0.628183251,London
E14000640,City of Chester,NW,96364,40,Lab,9176,0.774386143,Large town
E14000641,City of Durham,NE,100372,37,Lab,12364,0.679356689,Medium town
E14000642,Clacton,E,89901,52,Con,15828,0.637353277,Medium town
E14000643,Cleethorpes,YH,94333,46,Con,10400,0.658002228,Medium town
E14000644,Colchester,E,122387,34,Con,5677,0.669345967,Large town
E14000645,Colne Valley,YH,111717,42,Lab,915,0.71598706,Large town
E14000646,Congleton,NW,94744,47,Con,12619,0.733186429,Small town
E14000647,Copeland,NW,78684,47,Con,1695,0.695162831,Village
E14000648,Corby,EM,121295,40,Con,2690,0.722681282,Medium town
E14000649,Coventry North East,WM,124974,32,Lab,15580,0.613894059,Other city
E14000650,Coventry North West,WM,112177,35,Lab,8580,0.6629209,Other city
E14000651,Coventry South,WM,122998,29,Lab,7947,0.664569667,Other city
E14000652,Crawley,SE,111664,36,Con,2457,0.684685053,Large town
E14000653,Crewe and Nantwich,NW,110128,41,Lab,48,0.697471323,Large town
E14000654,Croydon Central,L,121087,36,Lab,5652,0.713236305,London
E14000655,Croydon North,L,146065,35,Lab,32365,0.681709562,London
E14000656,Croydon South,L,117685,40,Con,11406,0.733458656,London
E14000657,Dagenham and Rainham,L,112045,35,Lab,4652,0.649187153,London
E14000658,Darlington,NE,91768,42,Lab,3280,0.675555087,Large town
E14000659,Dartford,SE,113576,37,Con,13186,0.6906988,Large town
E14000660,Daventry,EM,99130,45,Con,21734,0.739530743,Village
E14000661,Denton and Reddish,NW,86628,40,Lab,14077,0.602257,Medium town
E14000662,Derby North,EM,102733,36,Lab,2015,0.696119796,Other city
E14000663,Derby South,EM,115414,34,Lab,11248,0.647987643,Other city
E14000664,Derbyshire Dales,EM,79872,50,Con,14327,0.769377619,Village
E14000665,Devizes,SW,102273,40,Con,21136,0.700889394,Village
E14000666,Dewsbury,YH,113692,39,Lab,3321,0.69514279,Large town
E14000667,Don Valley,YH,100175,43,Lab,5169,0.621543452,Small town
E14000668,Doncaster Central,YH,110064,39,Lab,10131,0.599905184,Large town
E14000669,Doncaster North,YH,98701,41,Lab,14024,0.584605607,Small town
E14000670,Dover,SE,101535,45,Con,6437,0.696931495,Medium town
E14000671,Dudley North,WM,84817,39,Lab,22,0.627145689,Large town
E14000672,Dudley South,WM,81197,42,Con,7730,0.623648549,Medium town
E14000673,Dulwich and West Norwood,L,116035,34,Lab,28156,0.719440778,London
E14000674,Ealing Central and Acton,L,122419,35,Lab,13807,0.745849057,London
E14000675,Ealing North,L,121080,36,Lab,19693,0.702423626,London
E14000676,"Ealing, Southall",L,99237,36,Lab,22090,0.692535436,London
E14000677,Easington,NE,82631,42,Lab,14892,0.58289653,Small town
E14000678,East Devon,SW,104193,48,Con,8036,0.733067052,Village
E14000679,East Ham,L,162796,31,Lab,39883,0.674780764,London
E14000680,East Hampshire,SE,98009,46,Con,25852,0.747232,Small town
E14000681,East Surrey,SE,111878,43,Con,23914,0.721952588,Small town
E14000682,East Worthing and Shoreham,SE,99758,44,Con,5106,0.703303542,Medium town
E14000683,East Yorkshire,YH,101516,50,Con,15006,0.665589342,Village
E14000684,Eastbourne,SE,110809,45,LD,1609,0.729105823,Large town
E14000685,Eastleigh,SE,108865,41,Con,14179,0.705314486,Large town
E14000686,Eddisbury,NW,89467,46,Con,11942,0.73029087,Village
E14000687,Edmonton,L,120266,33,Lab,21115,0.6640315,London
E14000688,Ellesmere Port and Neston,NW,87285,44,Lab,11390,0.741837299,Large town
E14000689,Elmet and Rothwell,YH,100292,45,Con,9805,0.741577512,Small town
E14000690,Eltham,L,95175,37,Lab,6296,0.715869963,London
E14000691,Enfield North,L,109930,35,Lab,10247,0.713393854,London
E14000692,"Enfield, Southgate",L,102509,38,Lab,4355,0.741113326,London
E14000693,Epping Forest,E,100102,41,Con,18243,0.679435889,Small town
E14000694,Epsom and Ewell,SE,109981,42,Con,20475,0.740556548,Medium town
E14000695,Erewash,EM,97103,42,Con,4534,0.681978218,Medium town
E14000696,Erith and Thamesmead,L,121265,34,Lab,10014,0.637714417,London
E14000697,Esher and Walton,SE,114285,42,Con,23298,0.73935605,Medium town
E14000698,Exeter,SW,114569,33,Lab,16117,0.716707617,Large town
E14000699,Fareham,SE,101851,45,Con,21555,0.723188351,Medium town
E14000700,Faversham and Mid Kent,SE,97954,43,Con,17413,0.688996607,Large town
E14000701,Feltham and Heston,L,134332,35,Lab,15603,0.648934087,London
E14000702,Filton and Bradley Stoke,SW,101349,37,Con,4190,0.699501952,Large town
E14000703,Finchley and Golders Green,L,130507,36,Con,1657,0.714383123,London
E14000704,Folkestone and Hythe,SE,116776,46,Con,15411,0.682434625,Medium town
E14000705,Forest of Dean,SW,90237,47,Con,9502,0.730161641,Village
E14000706,Fylde,NW,84814,49,Con,11805,0.70471814,Medium town
E14000707,Gainsborough,EM,96951,47,Con,17023,0.677598725,Village
E14000708,Garston and Halewood,NW,99510,41,Lab,32149,0.711274718,Other city
E14000709,Gateshead,NE,97101,37,Lab,17350,0.645890222,Large town
E14000710,Gedling,EM,94780,43,Lab,4694,0.725636382,Medium town
E14000711,Gillingham and Rainham,SE,103079,38,Con,9430,0.670315351,Large town
E14000712,Gloucester,SW,119713,38,Con,5520,0.651732658,Large town
E14000713,Gosport,SE,99877,43,Con,17211,0.667291509,Large town
E14000714,Grantham and Stamford,EM,111163,44,Con,20094,0.692353805,Medium town
E14000715,Gravesham,SE,106121,39,Con,9347,0.67161499,Medium town
E14000716,Great Grimsby,YH,88500,38,Lab,2565,0.575304083,Large town
E14000717,Great Yarmouth,E,99417,45,Con,7973,0.618222048,Medium town
E14000718,Greenwich and Woolwich,L,129210,32,Lab,20714,0.687990672,London
E14000719,Guildford,SE,114435,36,Con,17040,0.737259433,Large town
E14000720,Hackney North and Stoke Newington,L,141379,32,Lab,35139,0.661877778,London
E14000721,Hackney South and Shoreditch,L,134550,32,Lab,37931,0.666121133,London
E14000722,Halesowen and Rowley Regis,WM,89126,41,Con,5253,0.644518996,Medium town
E14000723,Halifax,YH,104649,38,Lab,5376,0.677805234,Large town
E14000724,Haltemprice and Howden,YH,89510,48,Con,15405,0.71924943,Village
E14000725,Halton,NW,97326,40,Lab,25405,0.674108662,Large town
E14000726,Hammersmith,L,117504,34,Lab,18651,0.717717676,London
E14000727,Hampstead and Kilburn,L,144586,35,Lab,15560,0.704063551,London
E14000728,Harborough,EM,106126,43,Con,12429,0.730846339,Medium town
E14000729,Harlow,E,96754,38,Con,7031,0.662432237,Large town
E14000730,Harrogate and Knaresborough,YH,103322,45,Con,18168,0.734213251,Large town
E14000731,Harrow East,L,108089,37,Con,1757,0.708591736,London
E14000732,Harrow West,L,108963,36,Lab,13314,0.721449346,London
E14000733,Hartlepool,NE,93019,41,Lab,7650,0.591574988,Large town
E14000734,Harwich and North Essex,E,95282,46,Con,14356,0.717325441,Village
E14000735,Hastings and Rye,SE,111779,44,Con,346,0.699268377,Large town
E14000736,Havant,SE,95381,45,Con,15956,0.639078239,Medium town
E14000737,Hayes and Harlington,L,126503,33,Lab,18115,0.652426707,London
E14000738,Hazel Grove,NW,80374,46,Con,5514,0.698667004,Small town
E14000739,Hemel Hempstead,E,106080,38,Con,9445,0.702573406,Large town
E14000740,Hemsworth,YH,98041,42,Lab,10174,0.63926534,Village
E14000741,Hendon,L,138888,34,Con,1072,0.682352787,London
E14000742,Henley,SE,99228,46,Con,22294,0.761350454,Village
E14000743,Hereford and South Herefordshire,WM,101437,44,Con,15013,0.710162053,Large town
E14000744,Hertford and Stortford,E,113894,41,Con,19035,0.728597627,Medium town
E14000745,Hertsmere,E,104031,40,Con,16951,0.71033564,Medium town
E14000746,Hexham,NE,77272,50,Con,9236,0.757112673,Village
E14000747,Heywood and Middleton,NW,106600,40,Lab,7617,0.624084805,Medium town
E14000748,High Peak,EM,92063,45,Lab,2322,0.735214613,Village
E14000749,Hitchin and Harpenden,E,103624,41,Con,12031,0.77431635,Medium town
E14000750,Holborn and St Pancras,L,154210,32,Lab,30509,0.669750704,London
E14000751,Hornchurch and Upminster,L,110402,40,Con,17723,0.693609069,London
E14000752,Hornsey and Wood Green,L,128655,36,Lab,30738,0.779188452,London
E14000753,Horsham,SE,111853,43,Con,23484,0.748888513,Medium town
E14000754,Houghton and Sunderland South,NE,87575,44,Lab,12341,0.60889861,Other city
E14000755,Hove,SE,103177,38,Lab,18757,0.775849992,Other city
E14000756,Huddersfield,YH,100197,35,Lab,12005,0.653877709,Large town
E14000757,Huntingdon,E,119679,41,Con,14475,0.708649271,Medium town
E14000758,Hyndburn,NW,92364,39,Lab,5815,0.631242319,Small town
E14000759,Ilford North,L,109618,36,Lab,9639,0.725248983,London
E14000760,Ilford South,L,144360,32,Lab,31647,0.675472715,London
E14000761,Ipswich,E,114348,37,Lab,831,0.675807475,Large town
E14000762,Isle of Wight,SE,140984,49,Con,21069,0.672903698,Small town
E14000763,Islington North,L,116074,32,Lab,33215,0.734027342,London
E14000764,Islington South and Finsbury,L,118926,31,Lab,20263,0.690994593,London
E14000765,Jarrow,NE,82979,43,Lab,17263,0.664160672,Medium town
E14000766,Keighley,YH,97371,42,Lab,239,0.723991656,Medium town
E14000767,Kenilworth and Southam,WM,83252,46,Con,18076,0.773850631,Village
E14000768,Kensington,L,113446,38,Lab,20,0.638360731,London
E14000769,Kettering,EM,100252,41,Con,10562,0.691545353,Medium town
E14000770,Kingston and Surbiton,L,127264,36,LD,4124,0.762097367,London
E14000771,Kingston upon Hull East,YH,90986,38,Lab,10396,0.555466275,Other city
E14000772,Kingston upon Hull North,YH,97969,32,Lab,14322,0.574066342,Other city
E14000773,Kingston upon Hull West and Hessle,YH,86690,38,Lab,8025,0.574350709,Other city
E14000774,Kingswood,SW,91234,41,Con,7500,0.70264387,Other city
E14000775,Knowsley,NW,105786,39,Lab,42214,0.678608121,Other city
E14000776,Lancaster and Fleetwood,NW,90139,37,Lab,6661,0.684828901,Medium town
E14000777,Leeds Central,YH,152847,27,Lab,23698,0.532439103,Other city
E14000778,Leeds East,YH,99969,35,Lab,12752,0.628369977,Other city
E14000779,Leeds North East,YH,92604,38,Lab,16991,0.755919101,Other city
E14000780,Leeds North West,YH,86016,32,Lab,4224,0.679173025,Other city
E14000781,Leeds West,YH,94030,34,Lab,15965,0.621425944,Other city
E14000782,Leicester East,EM,116911,35,Lab,22428,0.673934283,Other city
E14000783,Leicester South,EM,127672,28,Lab,26261,0.668798157,Other city
E14000784,Leicester West,EM,108957,31,Lab,11060,0.578505004,Other city
E14000785,Leigh,NW,104932,42,Lab,9554,0.615128212,Medium town
E14000786,Lewes,SE,92793,48,Con,5508,0.763902398,Small town
E14000787,Lewisham East,L,110260,36,Lab,21213,0.692868886,London
E14000788,Lewisham West and Penge,L,114967,36,Lab,23162,0.729721944,London
E14000789,"Lewisham, Deptford",L,125190,33,Lab,34899,0.702350003,London
E14000790,Leyton and Wanstead,L,110795,34,Lab,22607,0.708729221,London
E14000791,Lichfield,WM,95785,46,Con,18581,0.719118635,Medium town
E14000792,Lincoln,EM,111942,34,Lab,1538,0.666356636,Large town
E14000793,"Liverpool, Riverside",NW,131888,28,Lab,35947,0.629093958,Other city
E14000794,"Liverpool, Walton",NW,92439,37,Lab,32551,0.672590774,Other city
E14000795,"Liverpool, Wavertree",NW,95210,35,Lab,29466,0.699235712,Other city
E14000796,"Liverpool, West Derby",NW,93045,38,Lab,32908,0.693066724,Other city
E14000797,Loughborough,EM,107916,35,Con,4269,0.68019144,Large town
E14000798,Louth and Horncastle,EM,99323,52,Con,19641,0.667928158,Village
E14000799,Ludlow,WM,86265,51,Con,19286,0.734485698,Village
E14000800,Luton North,E,101258,36,Lab,14364,0.697819221,Other city
E14000801,Luton South,E,119759,32,Lab,13925,0.686625588,Other city
E14000802,Macclesfield,NW,93692,47,Con,8608,0.721898761,Medium town
E14000803,Maidenhead,SE,106307,42,Con,26457,0.765537094,Large town
E14000804,Maidstone and The Weald,SE,108642,40,Con,17723,0.686502774,Large town
E14000805,Makerfield,NW,100385,42,Lab,13542,0.632017668,Small town
E14000806,Maldon,E,91364,47,Con,23430,0.702420596,Village
E14000807,Manchester Central,NW,158529,27,Lab,31445,0.550846988,Other city
E14000808,"Manchester, Gorton",NW,119476,28,Lab,31730,0.609763541,Other city
E14000809,"Manchester, Withington",NW,100773,31,Lab,29875,0.718005733,Other city
E14000810,Mansfield,EM,108576,41,Con,1057,0.644600378,Large town
E14000811,Meon Valley,SE,94535,47,Con,25692,0.729897907,Medium town
E14000812,Meriden,WM,111675,42,Con,19198,0.670935501,Other city
E14000813,Mid Bedfordshire,E,110736,42,Con,20983,0.750204964,Village
E14000814,Mid Derbyshire,EM,84841,46,Con,11616,0.746613109,Other city
E14000815,Mid Dorset and North Poole,SW,82737,47,Con,15339,0.741798616,Large town
E14000816,Mid Norfolk,E,105925,46,Con,16086,0.69561523,Small town
E14000817,Mid Sussex,SE,112448,43,Con,19673,0.732232387,Medium town
E14000818,Mid Worcestershire,WM,101762,46,Con,23326,0.724312029,Village
E14000819,Middlesbrough,NE,95892,33,Lab,13873,0.583648602,Other city
E14000820,Middlesbrough South and East Cleveland,NE,93537,45,Con,1020,0.658316744,Other city
E14000821,Milton Keynes North,SE,132573,37,Con,1975,0.716580537,Other city
E14000822,Milton Keynes South,SE,134948,37,Con,1665,0.698421286,Other city
E14000823,Mitcham and Morden,L,106832,36,Lab,21375,0.700356597,London
E14000824,Mole Valley,SE,97219,46,Con,24137,0.760963177,Village
E14000825,Morecambe and Lunesdale,NW,89064,45,Con,1399,0.6833039,Medium town
E14000826,Morley and Outwood,YH,98496,41,Con,2104,0.684449964,Large town
E14000827,New Forest East,SE,93713,47,Con,21995,0.707501171,Small town
E14000828,New Forest West,SE,85877,52,Con,23431,0.721469485,Small town
E14000829,Newark,EM,104522,45,Con,18149,0.728936565,Village
E14000830,Newbury,SE,111848,42,Con,24380,0.733792388,Medium town
E14000831,Newcastle upon Tyne Central,NE,102253,31,Lab,14937,0.669953764,Other city
E14000832,Newcastle upon Tyne East,NE,101547,27,Lab,19261,0.671683686,Other city
E14000833,Newcastle upon Tyne North,NE,92042,41,Lab,10349,0.730828024,Other city
E14000834,Newcastle-under-Lyme,WM,94194,39,Lab,30,0.668363925,Large town
E14000835,Newton Abbot,SW,90795,48,Con,17160,0.720040717,Small town
E14000836,"Normanton, Pontefract and Castleford",YH,112182,41,Lab,14499,0.602528141,Medium town
E14000837,North Cornwall,SW,92772,47,Con,7200,0.739991866,Village
E14000838,North Devon,SW,95440,47,Con,4332,0.734884764,Village
E14000839,North Dorset,SW,98878,47,Con,25777,0.730098003,Village
E14000840,North Durham,NE,88060,44,Lab,12939,0.646319247,Village
E14000841,North East Bedfordshire,E,114925,42,Con,20862,0.73390092,Village
E14000842,North East Cambridgeshire,E,119024,44,Con,21270,0.631222309,Small town
E14000843,North East Derbyshire,EM,91786,47,Con,2860,0.698780809,Small town
E14000844,North East Hampshire,SE,100563,43,Con,27772,0.772728492,Medium town
E14000845,North East Hertfordshire,E,100639,43,Con,16835,0.731652735,Village
E14000846,North East Somerset,SW,93654,44,Con,10235,0.757382104,Village
E14000847,North Herefordshire,WM,89604,49,Con,21602,0.740608995,Village
E14000848,North Norfolk,E,86991,54,LD,3512,0.753388864,Village
E14000849,North Shropshire,WM,109100,45,Con,16355,0.690370646,Village
E14000850,North Somerset,SW,101910,46,Con,17103,0.76983447,Village
E14000851,North Swindon,SW,112237,40,Con,8335,0.684949107,Other city
E14000852,North Thanet,SE,98218,45,Con,10738,0.665166343,Large town
E14000853,North Tyneside,NE,104399,42,Lab,19284,0.657576602,Medium town
E14000854,North Warwickshire,WM,92833,44,Con,8510,0.652738769,Village
E14000855,North West Cambridgeshire,E,133227,39,Con,18008,0.686444042,Large town
E14000856,North West Durham,NE,94105,45,Lab,8792,0.666064129,Village
E14000857,North West Hampshire,SE,107227,43,Con,22679,0.721748741,Village
E14000858,North West Leicestershire,EM,100109,43,Con,13286,0.71045089,Village
E14000859,North West Norfolk,E,98029,47,Con,13788,0.677347284,Medium town
E14000860,North Wiltshire,SW,94290,45,Con,22877,0.752100605,Village
E14000861,Northampton North,EM,88634,38,Con,807,0.685989025,Other city
E14000862,Northampton South,EM,101461,35,Con,1159,0.66434608,Other city
E14000863,Norwich North,E,89235,41,Con,507,0.685777897,Other city
E14000864,Norwich South,E,103284,33,Lab,15596,0.692337764,Other city
E14000865,Nottingham East,EM,109797,29,Lab,19590,0.636771373,Other city
E14000866,Nottingham North,EM,100690,34,Lab,11160,0.572900158,Other city
E14000867,Nottingham South,EM,118722,26,Lab,15162,0.676140035,Other city
E14000868,Nuneaton,WM,93717,41,Con,4739,0.665698473,Large town
E14000869,Old Bexley and Sidcup,L,89400,41,Con,15466,0.72785395,London
E14000870,Oldham East and Saddleworth,NW,105960,37,Lab,8182,0.651626399,Large town
E14000871,Oldham West and Royton,NW,107334,35,Lab,17198,0.632422204,Large town
E14000872,Orpington,L,91917,43,Con,19461,0.743144532,London
E14000873,Oxford East,SE,123350,28,Lab,23284,0.687887683,Large town
E14000874,Oxford West and Abingdon,SE,109678,39,LD,816,0.794188478,Large town
E14000875,Pendle,NW,90696,39,Con,1279,0.690465195,Small town
E14000876,Penistone and Stocksbridge,YH,89284,46,Lab,1322,0.698343456,Small town
E14000877,Penrith and The Border,NW,82409,49,Con,15910,0.713397504,Village
E14000878,Peterborough,E,122987,36,Lab,607,0.667458964,Large town
E14000879,"Plymouth, Moor View",SW,93933,40,Con,5019,0.654971013,Other city
E14000880,"Plymouth, Sutton and Devonport",SW,114519,33,Lab,6807,0.668651415,Other city
E14000881,Poole,SW,98567,44,Con,14209,0.675510868,Large town
E14000882,Poplar and Limehouse,L,161144,31,Lab,27712,0.673460741,London
E14000883,Portsmouth North,SE,100174,38,Con,9965,0.661445344,Other city
E14000884,Portsmouth South,SE,114544,30,Lab,1554,0.638618614,Other city
E14000885,Preston,NW,96426,31,Lab,15723,0.615960963,Large town
E14000886,Pudsey,YH,91879,40,Con,331,0.74301176,Small town
E14000887,Putney,L,98091,34,Con,1554,0.721102244,London
E14000888,Rayleigh and Wickford,E,101041,45,Con,23450,0.704249198,Medium town
E14000889,Reading East,SE,115284,34,Lab,3749,0.731270768,Other city
E14000890,Reading West,SE,104157,37,Con,2876,0.694631188,Other city
E14000891,Redcar,NE,87215,43,Lab,9485,0.636782572,Medium town
E14000892,Redditch,WM,90889,40,Con,7363,0.701768277,Large town
E14000893,Reigate,SE,106027,40,Con,17614,0.721217237,Medium town
E14000894,Ribble Valley,NW,99620,46,Con,13199,0.707982762,Large town
E14000895,Richmond (Yorks),YH,109492,46,Con,23108,0.704690687,Village
E14000896,Richmond Park,L,125093,39,Con,45,0.791377694,London
E14000897,Rochdale,NW,111859,36,Lab,14819,0.641063743,Large town
E14000898,Rochester and Strood,SE,112916,38,Con,9850,0.650153563,Large town
E14000899,Rochford and Southend East,E,105200,40,Con,5548,0.642821186,Other city
E14000900,Romford,L,104539,38,Con,13778,0.679574926,London
E14000901,Romsey and Southampton North,SE,91141,42,Con,18046,0.74610782,Other city
E14000902,Rossendale and Darwen,NW,98020,42,Con,3216,0.691940513,Small town
E14000903,Rother Valley,YH,96352,44,Lab,3882,0.657822677,Small town
E14000904,Rotherham,YH,91706,38,Lab,11387,0.59969638,Large town
E14000905,Rugby,WM,102733,41,Con,8212,0.711271216,Large town
E14000906,"Ruislip, Northwood and Pinner",L,97520,42,Con,13980,0.727007776,London
E14000907,Runnymede and Weybridge,SE,108976,39,Con,18050,0.689149129,Medium town
E14000908,Rushcliffe,EM,98568,43,Con,8010,0.780205518,Village
E14000909,Rutland and Melton,EM,104112,46,Con,23104,0.733708882,Village
E14000910,Saffron Walden,E,111701,44,Con,24966,0.733231414,Village
E14000911,Salford and Eccles,NW,117990,34,Lab,19132,0.609874488,Large town
E14000912,Salisbury,SW,96573,45,Con,17333,0.731369698,Medium town
E14000913,Scarborough and Whitby,YH,96695,48,Con,3435,0.685457683,Large town
E14000914,Scunthorpe,YH,91641,39,Lab,3431,0.652863035,Large town
E14000915,Sedgefield,NE,84279,45,Lab,6059,0.650988433,Village
E14000916,Sefton Central,NW,83315,50,Lab,15618,0.754560338,Medium town
E14000917,Selby and Ainsty,YH,101373,44,Con,13772,0.738639058,Village
E14000918,Sevenoaks,SE,96949,43,Con,21917,0.715685042,Village
E14000919,Sheffield Central,YH,130085,26,Lab,27748,0.61728984,Other city
E14000920,Sheffield South East,YH,94106,40,Lab,11798,0.632330118,Other city
E14000921,"Sheffield, Brightside and Hillsborough",YH,112154,34,Lab,19143,0.595217787,Other city
E14000922,"Sheffield, Hallam",YH,92386,41,Lab,2125,0.776257573,Other city
E14000923,"Sheffield, Heeley",YH,94955,39,Lab,13828,0.65,Other city
E14000924,Sherwood,EM,100376,43,Con,5198,0.700351724,Village
E14000925,Shipley,YH,95974,44,Con,4681,0.730108159,Small town
E14000926,Shrewsbury and Atcham,WM,106407,44,Con,6627,0.736346039,Large town
E14000927,Sittingbourne and Sheppey,SE,117975,40,Con,15211,0.628865475,Medium town
E14000928,Skipton and Ripon,YH,99840,49,Con,19985,0.744366486,Village
E14000929,Sleaford and North Hykeham,EM,118053,47,Con,25237,0.72360853,Village
E14000930,Slough,SE,142082,34,Lab,16998,0.652019887,Large town
E14000931,Solihull,WM,102258,44,Con,20571,0.729511885,Large town
E14000932,Somerton and Frome,SW,106834,48,Con,22906,0.756682497,Village
E14000933,South Basildon and East Thurrock,E,100461,39,Con,11490,0.640765873,Large town
E14000934,South Cambridgeshire,E,115828,42,Con,15952,0.761509319,Village
E14000935,South Derbyshire,EM,102385,42,Con,11970,0.689067819,Medium town
E14000936,South Dorset,SW,93451,48,Con,11695,0.687014414,Medium town
E14000937,South East Cambridgeshire,E,120504,42,Con,16158,0.731552119,Village
E14000938,South East Cornwall,SW,89989,49,Con,17443,0.740456316,Village
E14000939,South Holland and The Deepings,EM,107467,46,Con,24897,0.658797497,Village
E14000940,South Leicestershire,EM,105253,43,Con,18631,0.717718554,Small town
E14000941,South Norfolk,E,107778,46,Con,16678,0.735789537,Village
E14000942,South Northamptonshire,EM,117338,42,Con,22840,0.757914621,Village
E14000943,South Ribble,NW,99596,45,Con,7421,0.723862076,Medium town
E14000944,South Shields,NE,83621,43,Lab,14508,0.642756925,Large town
E14000945,South Staffordshire,WM,97353,47,Con,22733,0.695919173,Small town
E14000946,South Suffolk,E,94900,48,Con,17749,0.718487117,Village
E14000947,South Swindon,SW,108126,39,Con,2464,0.708436965,Other city
E14000948,South Thanet,SE,101730,45,Con,6387,0.687823154,Medium town
E14000949,South West Bedfordshire,E,111581,39,Con,14168,0.698423259,Medium town
E14000950,South West Devon,SW,89446,47,Con,15816,0.741748527,Other city
E14000951,South West Hertfordshire,E,110191,42,Con,19550,0.747999063,Small town
E14000952,South West Norfolk,E,109166,45,Con,18312,0.673087295,Village
E14000953,South West Surrey,SE,106199,43,Con,21590,0.774352272,Medium town
E14000954,South West Wiltshire,SW,103010,45,Con,18326,0.71199511,Medium town
E14000955,"Southampton, Itchen",SE,110014,33,Con,31,0.652282424,Other city
E14000956,"Southampton, Test",SE,112751,31,Lab,11503,0.668143421,Other city
E14000957,Southend West,E,92501,43,Con,10000,0.697297457,Other city
E14000958,Southport,NW,92050,47,Con,2914,0.691008646,Large town
E14000959,Spelthorne,SE,99120,41,Con,13425,0.689899643,Medium town
E14000960,St Albans,E,103086,39,Con,6109,0.782821277,Large town
E14000961,St Austell and Newquay,SW,106443,45,Con,11142,0.689641135,Village
E14000962,St Helens North,NW,98708,43,Lab,18406,0.660051519,Small town
E14000963,St Helens South and Whiston,NW,102854,42,Lab,24343,0.669138114,Large town
E14000964,St Ives,SW,87250,49,Con,312,0.762916077,Village
E14000965,Stafford,WM,97986,43,Con,7729,0.758623712,Large town
E14000966,Staffordshire Moorlands,WM,78763,47,Con,10830,0.705896301,Small town
E14000967,Stalybridge and Hyde,NW,94171,40,Lab,8084,0.59456091,Medium town
E14000968,Stevenage,E,98200,38,Con,3386,0.697053628,Large town
E14000969,Stockport,NW,88745,37,Lab,14477,0.646740146,Large town
E14000970,Stockton North,NE,92763,39,Lab,8715,0.644655654,Large town
E14000971,Stockton South,NE,103724,40,Lab,888,0.711722314,Small town
E14000972,Stoke-on-Trent Central,WM,85975,35,Lab,3897,0.582359659,Other city
E14000973,Stoke-on-Trent North,WM,99306,38,Lab,2359,0.58394589,Other city
E14000974,Stoke-on-Trent South,WM,90359,40,Con,663,0.631121607,Other city
E14000975,Stone,WM,85555,48,Con,17495,0.73767398,Village
E14000976,Stourbridge,WM,90208,43,Con,7654,0.671295307,Large town
E14000977,Stratford-on-Avon,WM,92178,48,Con,21958,0.737639861,Village
E14000978,Streatham,L,123997,33,Lab,26285,0.709417793,London
E14000979,Stretford and Urmston,NW,100958,39,Lab,19705,0.698717859,Medium town
E14000980,Stroud,SW,104822,45,Lab,687,0.770361786,Village
E14000981,Suffolk Coastal,E,102482,51,Con,16012,0.731723912,Village
E14000982,Sunderland Central,NE,101578,40,Lab,9997,0.620270047,Other city
E14000983,Surrey Heath,SE,109004,43,Con,24943,0.715937794,Medium town
E14000984,Sutton and Cheam,L,101463,39,Con,12698,0.738168286,London
E14000985,Sutton Coldfield,WM,94906,44,Con,15339,0.698699307,Large town
E14000986,Tamworth,WM,95401,42,Con,12347,0.660655186,Large town
E14000987,Tatton,NW,86010,46,Con,14787,0.723634971,Medium town
E14000988,Taunton Deane,SW,117423,44,Con,15887,0.737833062,Large town
E14000989,Telford,WM,96290,38,Con,720,0.656124277,Large town
E14000990,Tewkesbury,SW,106198,44,Con,22574,0.725491159,Small town
E14000991,The Cotswolds,SW,100817,48,Con,25499,0.742109908,Village
E14000992,The Wrekin,WM,95165,41,Con,9564,0.72186753,Large town
E14000993,Thirsk and Malton,YH,100911,49,Con,19001,0.71093174,Village
E14000994,Thornbury and Yate,SW,86444,45,Con,12071,0.746626996,Village
E14000995,Thurrock,E,128157,35,Con,345,0.643920977,Large town
E14000996,Tiverton and Honiton,SW,101980,49,Con,19801,0.716143737,Village
E14000997,Tonbridge and Malling,SE,105463,42,Con,23508,0.735071108,Medium town
E14000998,Tooting,L,109451,33,Lab,15458,0.746059432,London
E14000999,Torbay,SW,99901,47,Con,14283,0.673953985,Medium town
E14001000,Torridge and West Devon,SW,101604,50,Con,20686,0.738661765,Village
E14001001,Totnes,SW,85858,51,Con,13477,0.729459907,Village
E14001002,Tottenham,L,142569,33,Lab,34584,0.676952418,London
E14001003,Truro and Falmouth,SW,95669,44,Con,3792,0.758499257,Small town
E14001004,Tunbridge Wells,SE,107914,42,Con,16465,0.724893691,Medium town
E14001005,Twickenham,L,117932,40,LD,9762,0.795206449,London
E14001006,Tynemouth,NE,100074,44,Lab,11666,0.734276933,Large town
E14001007,Uxbridge and South Ruislip,L,110148,34,Con,5034,0.667667582,London
E14001008,Vauxhall,L,122334,32,Lab,20250,0.67079398,London
E14001009,Wakefield,YH,99280,41,Lab,2176,0.658003981,Large town
E14001010,Wallasey,NW,90343,42,Lab,23320,0.716829247,Large town
E14001011,Walsall North,WM,99247,36,Con,2601,0.566321983,Medium town
E14001012,Walsall South,WM,104514,34,Lab,8892,0.653722355,Large town
E14001013,Walthamstow,L,117946,33,Lab,32017,0.708433274,London
E14001014,Wansbeck,NE,82231,45,Lab,10435,0.683078309,Small town
E14001015,Wantage,SE,117983,41,Con,17380,0.741403026,Village
E14001016,Warley,WM,98304,34,Lab,16483,0.630791195,Medium town
E14001017,Warrington North,NW,97017,41,Lab,9582,0.674615534,Large town
E14001018,Warrington South,NW,112687,42,Lab,2549,0.72409685,Large town
E14001019,Warwick and Leamington,WM,99849,38,Lab,1206,0.728140954,Medium town
E14001020,Washington and Sunderland West,NE,88096,42,Lab,12940,0.603061831,Large town
E14001021,Watford,E,122153,37,Con,2092,0.677517426,Large town
E14001022,Waveney,E,104861,46,Con,9215,0.652204599,Large town
E14001023,Wealden,SE,108729,47,Con,23628,0.74257292,Small town
E14001024,Weaver Vale,NW,89411,43,Lab,3928,0.733351687,Medium town
E14001025,Wellingborough,EM,113099,41,Con,12460,0.671764201,Medium town
E14001026,Wells,SW,106881,48,Con,7582,0.737929194,Small town
E14001027,Welwyn Hatfield,E,116869,34,Con,7369,0.708882121,Medium town
E14001028,Wentworth and Dearne,YH,98554,42,Lab,14803,0.58682067,Medium town
E14001029,West Bromwich East,WM,93365,37,Lab,7713,0.612379789,Large town
E14001030,West Bromwich West,WM,95418,36,Lab,4460,0.547152364,Medium town
E14001031,West Dorset,SW,98090,51,Con,19091,0.753946969,Village
E14001032,West Ham,L,185200,31,Lab,36754,0.656885022,London
E14001033,West Lancashire,NW,97626,43,Lab,11689,0.742440995,Medium town
E14001034,West Suffolk,E,121071,38,Con,17063,0.669002431,Village
E14001035,West Worcestershire,WM,95096,50,Con,21328,0.75927395,Village
E14001036,Westminster North,L,129527,35,Lab,11512,0.678116092,London
E14001037,Westmorland and Lonsdale,NW,84614,50,LD,777,0.778524198,Village
E14001038,Weston-Super-Mare,SW,110924,44,Con,11544,0.686848641,Large town
E14001039,Wigan,NW,104158,41,Lab,16027,0.630873552,Large town
E14001040,Wimbledon,L,99220,37,Con,5622,0.771578317,London
E14001041,Winchester,SE,102044,42,Con,9999,0.788391244,Medium town
E14001042,Windsor,SE,105669,41,Con,22384,0.732672057,Medium town
E14001043,Wirral South,NW,72991,46,Lab,8323,0.783683024,Medium town
E14001044,Wirral West,NW,69375,48,Lab,5365,0.784909367,Large town
E14001045,Witham,E,91545,44,Con,18646,0.712223556,Village
E14001046,Witney,SE,109266,44,Con,21241,0.736482648,Village
E14001047,Woking,SE,108197,40,Con,16724,0.725298674,Large town
E14001048,Wokingham,SE,109445,40,Con,18798,0.754509487,Medium town
E14001049,Wolverhampton North East,WM,90944,36,Lab,4587,0.600756952,Other city
E14001050,Wolverhampton South East,WM,93652,37,Lab,8514,0.602046401,Other city
E14001051,Wolverhampton South West,WM,87774,39,Lab,2185,0.706107952,Other city
E14001052,Worcester,WM,102314,38,Con,2508,0.695911656,Large town
E14001053,Workington,NW,79433,46,Lab,3925,0.691545673,Small town
E14001054,Worsley and Eccles South,NW,103048,38,Lab,8379,0.619386883,Small town
E14001055,Worthing West,SE,98911,48,Con,12090,0.700940108,Large town
E14001056,Wycombe,SE,111353,37,Con,6578,0.693930235,Large town
E14001057,Wyre and Preston North,NW,89672,48,Con,12246,0.727969137,Village
E14001058,Wyre Forest,WM,100715,46,Con,13334,0.65754006,Medium town
E14001059,Wythenshawe and Sale East,NW,108336,36,Lab,14944,0.600385013,Large town
E14001060,Yeovil,SW,111055,45,Con,14723,0.716435911,Medium town
E14001061,York Central,YH,111937,32,Lab,18575,0.686645541,Large town
E14001062,York Outer,YH,96226,45,Con,8289,0.757262478,Large town
W07000041,Ynys M™n,W,69794,47,Lab,5259,0.70609021,Village
W07000042,Delyn,W,69801,46,Lab,4240,0.728748382,Small town
W07000043,Alyn and Deeside,W,85354,41,Lab,5235,0.710329615,Small town
W07000044,Wrexham,W,70655,41,Lab,1832,0.703514364,Large town
W07000045,Llanelli,W,82826,43,Lab,12024,0.678769728,Medium town
W07000046,Gower,W,79176,45,Lab,3269,0.733169249,Small town
W07000047,Swansea West,W,83573,35,Lab,10598,0.655311819,Other city
W07000048,Swansea East,W,82731,37,Lab,13168,0.600792878,Other city
W07000049,Aberavon,W,68203,41,Lab,16761,0.666800289,Medium town
W07000050,Cardiff Central,W,93276,26,Lab,17196,0.680862906,Other city
W07000051,Cardiff North,W,90507,39,Lab,4174,0.773895063,Other city
W07000052,Rhondda,W,69278,41,Lab,13746,0.652017263,Small town
W07000053,Torfaen,W,82378,41,Lab,10240,0.62143631,Medium town
W07000054,Monmouth,W,85613,49,Con,8206,0.766211157,Small town
W07000055,Newport East,W,81090,38,Lab,8003,0.643335139,Large town
W07000056,Newport West,W,88258,40,Lab,5658,0.674513579,Large town
W07000057,Arfon,W,62304,36,PC,92,0.681896197,Village
W07000058,Aberconwy,W,58941,49,Con,635,0.710481536,Village
W07000059,Clwyd West,W,73371,48,Con,3437,0.697767022,Medium town
W07000060,Vale of Clwyd,W,72026,45,Lab,2379,0.679978907,Medium town
W07000061,Dwyfor Meirionnydd,W,61438,49,PC,4850,0.678941363,Village
W07000062,Clwyd South,W,72600,43,Lab,4356,0.697463195,Village
W07000063,Montgomeryshire,W,63271,48,Con,9285,0.687439661,Village
W07000064,Ceredigion,W,73076,45,PC,104,0.732870149,Village
W07000065,Preseli Pembrokeshire,W,78902,46,Con,314,0.720651023,Village
W07000066,Carmarthen West and South Pembrokeshire,W,77544,47,Con,3110,0.721010843,Village
W07000067,Carmarthen East and Dinefwr,W,71891,48,PC,3908,0.732974846,Village
W07000068,Brecon and Radnorshire,W,69244,50,Con,8038,0.737975362,Village
W07000069,Neath,W,73887,44,Lab,12631,0.685349612,Medium town
W07000070,Cynon Valley,W,70673,40,Lab,13238,0.619511435,Medium town
W07000071,Merthyr Tydfil and Rhymney,W,76168,40,Lab,16334,0.604817626,Medium town
W07000072,Blaenau Gwent,W,69609,43,Lab,11907,0.632166631,Small town
W07000073,Bridgend,W,83796,43,Lab,4700,0.695585752,Medium town
W07000074,Ogmore,W,77515,41,Lab,13871,0.651273523,Small town
W07000075,Pontypridd,W,82153,40,Lab,11448,0.658708143,Small town
W07000076,Caerphilly,W,88129,40,Lab,12078,0.641447011,Medium town
W07000077,Islwyn,W,76451,42,Lab,11412,0.641584898,Small town
W07000078,Vale of Glamorgan,W,100945,43,Con,2190,0.72632134,Medium town
W07000079,Cardiff West,W,93312,37,Lab,12551,0.698300262,Other city
W07000080,Cardiff South and Penarth,W,115406,35,Lab,14864,0.663224356,Other city
S14000001,Aberdeen North,S,102352,33,SNP,4139,0.591614357,Other city
S14000002,Aberdeen South,S,95309,38,Con,4752,0.684887014,Other city
S14000003,Airdrie and Shotts,S,86826,41,SNP,195,0.59242977,Village
S14000004,Angus,S,86204,45,Con,2645,0.629573935,Small town
S14000005,Argyll and Bute,S,86810,48,SNP,1328,0.714993307,Village
S14000006,"Ayr, Carrick and Cumnock",S,92077,47,Con,2774,0.64881178,Medium town
S14000007,Banff and Buchan,S,92212,43,Con,3693,0.616011597,Village
S14000008,"Berwickshire, Roxburgh and Selkirk",S,94600,48,Con,11060,0.715484144,Village
S14000009,"Caithness, Sutherland and Easter Ross",S,60696,47,LD,2044,0.659319792,Village
S14000010,Central Ayrshire,S,87378,46,SNP,1267,0.653444253,Medium town
S14000011,"Coatbridge, Chryston and Bellshill",S,94646,41,Lab,1586,0.632602039,Medium town
S14000012,"Cumbernauld, Kilsyth and Kirkintilloch East",S,87822,42,SNP,4264,0.658608048,Medium town
S14000013,Dumfries and Galloway,S,95837,48,Con,5643,0.695348085,Village
S14000014,"Dumfriesshire, Clydesdale and Tweeddale",S,86333,48,Con,9441,0.723548883,Village
S14000015,Dundee East,S,90043,42,SNP,6645,0.65186625,Large town
S14000016,Dundee West,S,88743,35,SNP,5262,0.617409489,Large town
S14000017,Dunfermline and West Fife,S,101161,42,SNP,844,0.674093456,Medium town
S14000018,East Dunbartonshire,S,83947,47,LD,5339,0.781312217,Small town
S14000019,"East Kilbride, Strathaven and Lesmahagow",S,102527,44,SNP,3866,0.672559111,Large town
S14000020,East Lothian,S,104840,44,Lab,3083,0.706484771,Small town
S14000021,East Renfrewshire,S,94760,43,Con,4712,0.766951632,Small town
S14000022,Edinburgh East,S,104927,33,SNP,3425,0.660480151,Other city
S14000023,Edinburgh North and Leith,S,112642,35,SNP,1625,0.711587583,Other city
S14000024,Edinburgh South,S,90972,37,Lab,15514,0.741096463,Other city
S14000025,Edinburgh South West,S,105398,35,SNP,1097,0.693894181,Other city
S14000026,Edinburgh West,S,99271,41,LD,2988,0.738391608,Other city
S14000027,Na h-Eileanan an Iar,S,26950,48,SNP,1007,0.695648092,Village
S14000028,Falkirk,S,111441,43,SNP,4923,0.654292315,Village
S14000029,Glasgow Central,S,101186,30,SNP,2267,0.559226681,Other city
S14000030,Glasgow East,S,93403,38,SNP,75,0.545967815,Other city
S14000031,Glasgow North,S,78150,32,SNP,1060,0.621458542,Other city
S14000032,Glasgow North East,S,86067,36,Lab,242,0.530193055,Other city
S14000033,Glasgow North West,S,87449,37,SNP,2561,0.609097894,Other city
S14000034,Glasgow South,S,88657,38,SNP,2027,0.644475306,Other city
S14000035,Glasgow South West,S,87240,37,SNP,60,0.561635789,Other city
S14000036,Glenrothes,S,88129,43,SNP,3267,0.608620326,Medium town
S14000037,Gordon,S,103569,43,Con,2607,0.683615388,Village
S14000038,Inverclyde,S,78760,45,SNP,384,0.664248212,Medium town
S14000039,"Inverness, Nairn, Badenoch and Strathspey",S,105231,43,SNP,4924,0.687119359,Village
S14000040,Kilmarnock and Loudoun,S,96896,44,SNP,6269,0.634268414,Village
S14000041,Kirkcaldy and Cowdenbeath,S,98883,43,Lab,259,0.635208537,Medium town
S14000042,Lanark and Hamilton East,S,97742,45,SNP,266,0.652800952,Village
S14000043,Linlithgow and East Falkirk,S,119100,41,SNP,2919,0.650848166,Small town
S14000044,Livingston,S,110899,40,SNP,3878,0.646549601,Medium town
S14000045,Midlothian,S,90090,41,Lab,885,0.662583421,Small town
S14000046,Moray,S,95780,44,Con,4159,0.673824116,Small town
S14000047,Motherwell and Wishaw,S,93717,40,SNP,318,0.614615554,Medium town
S14000048,North Ayrshire and Arran,S,94059,46,SNP,3633,0.648204329,Small town
S14000049,North East Fife,S,83237,44,SNP,2,0.712652296,Village
S14000050,Ochil and South Perthshire,S,104049,46,Con,3359,0.705615694,Village
S14000051,Orkney and Shetland,S,45080,45,LD,4563,0.681331226,Village
S14000052,Paisley and Renfrewshire North,S,91554,42,SNP,2613,0.691247998,Small town
S14000053,Paisley and Renfrewshire South,S,85276,43,SNP,2541,0.679968701,Large town
S14000054,Perth and North Perthshire,S,98501,45,SNP,21,0.717998384,Medium town
S14000055,"Ross, Skye and Lochaber",S,69253,48,SNP,5919,0.716917111,Village
S14000056,Rutherglen and Hamilton West,S,105351,41,Lab,265,0.635121976,Medium town
S14000057,Stirling,S,9.40E+04,42,Con,148,0.743145374,Village
S14000058,West Aberdeenshire and Kincardine,S,97158,43,Con,7950,0.712294935,Village
S14000059,West Dunbartonshire,S,89610,43,SNP,2288,0.652096092,Village
N06000001,Belfast East,NI,95193,39,DUP,8474,0.675486259,NA
N06000002,Belfast North,NI,104231,37,DUP,2081,0.673064807,NA
N06000003,Belfast South,NI,114391,34,DUP,1996,0.661145148,NA
N06000004,Belfast West,NI,94620,34,SF,21652,0.650929946,NA
N06000005,East Antrim,NI,90196,42,DUP,15923,0.606329879,NA
N06000006,East Londonderry,NI,101534,40,DUP,8842,0.612040932,NA
N06000007,Fermanagh and South Tyrone,NI,107878,38,SF,875,0.757510517,NA
N06000008,Foyle,NI,103075,36,SF,169,0.653617542,NA
N06000009,Lagan Valley,NI,107881,40,DUP,19229,0.620696325,NA
N06000010,Mid Ulster,NI,103611,36,SF,12890,0.681813536,NA
N06000011,Newry and Armagh,NI,119091,36,SF,12489,0.684575678,NA
N06000012,North Antrim,NI,111886,40,DUP,20643,0.640522357,NA
N06000013,North Down,NI,91330,43,Ind,1208,0.609086952,NA
N06000014,South Antrim,NI,102756,38,DUP,3208,0.632583084,NA
N06000015,South Down,NI,112809,38,SF,2446,0.67243179,NA
N06000016,Strangford,NI,91308,43,DUP,18343,0.602375363,NA
N06000017,Upper Bann,NI,126134,37,DUP,7992,0.639382297,NA
N06000018,West Tyrone,NI,92910,38,SF,10342,0.679373213,NA